<?xml version="1.0" encoding="UTF-8"?>

<!DOCTYPE mapper PUBLIC "-//mybatis.org//DTD Mapper 3.0//EN" "http://mybatis.org/dtd/mybatis-3-mapper.dtd">

<mapper namespace="ccc.cc.Dao.CarDao">
<sql id="car">car</sql>
<!-- 查询汽车-->
<select id="getAll" resultType="ccc.cc.model.Car">
SELECT
*
FROM
 <include refid="car" />
</select>
 <update id="update" parameterType="ccc.cc.model.Car">
        UPDATE
        <include refid="car"/>
        SET
       nowRental  = #{nowRental}
        WHERE
        id = #{id}
 </update>

<select id="getid" resultType="ccc.cc.model.Car">
SELECT
*
FROM
 <include refid="car" />
  WHERE
 id = #{id}
 </select>
 <select id="getname" resultType="ccc.cc.model.Car">
SELECT
*
FROM
 <include refid="car" />
  WHERE
 carname = #{carname} AND carseat = #{carseat}
 </select>
 
   <insert id="insert" parameterType="ccc.cc.model.Car">
        INSERT INTO
        <include refid="car"/>
        (id,carname,carprice,nowcar,nowRental)
        VALUES
        (#{id},#{carname},#{carprice},#{nowcar},#{nowRental})
    </insert>
    
    
 <delete id="delect" parameterType="ccc.cc.model.Car">
       DELEte FROM
        <include refid="car"/>
        WHERE
        id = #{id}
    </delete>
 </mapper>



