<?xml version="1.0" encoding="UTF-8"?>

<!DOCTYPE mapper PUBLIC "-//mybatis.org//DTD Mapper 3.0//EN" "http://mybatis.org/dtd/mybatis-3-mapper.dtd">

<mapper namespace="ccc.cc.Dao.CarrentalDao">
<sql id="carrental">carrental</sql>




<!-- 增 -->
    <insert id="dingdan" parameterType="ccc.cc.model.Carrental">
        INSERT INTO
        <include refid="carrental"/>
        (userid,carid,cartianshu,state,cartianshu2)
        VALUES
        (#{userid},#{carid},#{cartianshu},#{state},#{cartianshu2})
    </insert>
    
    <select id="getAll" resultType="ccc.cc.model.Carrental">
    SELECT
     *
    FROM
 <include refid="carrental" />
</select>

  <select id="getone" resultType="ccc.cc.model.Carrental">
    SELECT
     *
    FROM
 <include refid="carrental" />
  WHERE
       id = #{id}
</select>



  <select id="userrental" resultType="ccc.cc.model.Carrental">
    SELECT
     *
    FROM
 <include refid="carrental" />
  WHERE
     userid = #{userid}
</select>

 <update id="update" parameterType="ccc.cc.model.Carrental">
        UPDATE
        <include refid="carrental"/>
        SET
       state  = #{state}
        WHERE
        id = #{id}
    </update>
    <update id="update2" parameterType="ccc.cc.model.Carrental">
        UPDATE
        <include refid="carrental"/>
        SET
       carid = #{carid},
       cartianshu =  #{cartianshu},
       cartianshu2 = #{cartianshu2}
        WHERE
        id = #{id}
    </update>
     <delete id="delete" parameterType="ccc.cc.model.Carrental">
       DELETE FROM
        <include refid="carrental"/>
        WHERE
        id = #{id}
    </delete>
</mapper>



