<?xml version="1.0" encoding="UTF-8"?>

<!DOCTYPE mapper PUBLIC "-//mybatis.org//DTD Mapper 3.0//EN" "http://mybatis.org/dtd/mybatis-3-mapper.dtd">

<mapper namespace="ccc.cc.Dao.ContactDao">
<sql id="contact">contact</sql>



<!-- 增 -->
    <insert id="newmsg" parameterType="ccc.cc.model.Contact">
        INSERT INTO
        <include refid="contact"/>
        (userid,msg)
        VALUES
        (#{userid},#{msg})
    </insert>
    
    <select id="getAll" resultType="ccc.cc.model.Contact">
SELECT
*
FROM
 <include refid="contact" />
</select>

</mapper>



