<?xml version="1.0" encoding="UTF-8"?>

<!DOCTYPE mapper PUBLIC "-//mybatis.org//DTD Mapper 3.0//EN" "http://mybatis.org/dtd/mybatis-3-mapper.dtd">

<mapper namespace="ccc.cc.Dao.ReturnDao">
<sql id="recar">recar</sql>




<!-- 增 -->
    
  <insert id="newreturn" parameterType="ccc.cc.model.Return">
        INSERT INTO
        <include refid="recar"/>
        (rentalid,userid,state)
        VALUES
        (#{rentalid},#{userid},#{state})
    </insert>
<select id="getAll" resultType="ccc.cc.model.Return">
SELECT
*
FROM
 <include refid="recar" />
</select>
 <delete id="delete" parameterType="ccc.cc.model.Return">
       DELEte FROM
        <include refid="recar"/>
        WHERE
        rentalid = #{rentalid}
    </delete>
</mapper>



