<?xml version="1.0" encoding="UTF-8"?>

<!DOCTYPE mapper PUBLIC "-//mybatis.org//DTD Mapper 3.0//EN" "http://mybatis.org/dtd/mybatis-3-mapper.dtd">

<mapper namespace="ccc.cc.Dao.TestDao">
<sql id="user">user</sql>

<select id="getAll" resultType="ccc.cc.model.User">
SELECT
*
FROM
 <include refid="user" />
</select>


<!-- 增 -->
    <insert id="newuser" parameterType="ccc.cc.model.User">
        INSERT INTO
        <include refid="user"/>
        (username,phone,password)
        VALUES
        (#{username},#{phone},#{password})
    </insert>
    
<!-- 根据name查询 -->
    <select id="getPersonByname" resultType="ccc.cc.model.User">
        SELECT
        *
        FROM
        <include refid="user"/>
        WHERE
        username = #{username}
    </select>
    <update id="updateuser">
    update
            <include refid="user"/>
    SET
    sex = #{sex},
    address = #{address},
    idcard = #{idcard}
       WHERE
        username = #{username}
    </update>
    
    
      <update id="updatepassword">
    update
            <include refid="user"/>
    SET
    password = #{password}
       WHERE
        username = #{username}
    </update>
    <delete id="deleteuser" parameterType="ccc.cc.model.User">
       DELETE FROM
        <include refid="user"/>
        WHERE
       id = #{id}
    </delete>
</mapper>



